{"count":1,"self":34.142464,"total":35.4326802,"children":{"InitializeActuators":{"count":1,"self":0.0029690999999999997,"total":0.0029690999999999997,"children":null},"InitializeSensors":{"count":1,"self":0.0030003,"total":0.0030003,"children":null},"AgentSendState":{"count":1514,"self":0.0049975,"total":0.16199829999999998,"children":{"CollectObservations":{"count":4,"self":0.0010000999999999999,"total":0.0010000999999999999,"children":null},"WriteActionMask":{"count":4,"self":0.0019993999999999997,"total":0.0019993999999999997,"children":null},"RequestDecision":{"count":4,"self":0.15400129999999998,"total":0.15400129999999998,"children":null}}},"DecideAction":{"count":1514,"self":1.1107316,"total":1.1107316,"children":null},"AgentAct":{"count":1514,"self":0.0105167,"total":0.0105167,"children":null}},"gauges":{},"metadata":{"timer_format_version":"0.1.0","start_time_seconds":"1663945316","unity_version":"2021.3.6f1","command_line_arguments":"F:\\Unity\\2021.3.6f1\\Editor\\Unity.exe -projectpath C:\\Users\\User\\Desktop\\Logic_Chase -useHub -hubIPC -cloudEnvironment production -licensingIpc LicenseClient-User -hubSessionId 1799bb10-3b40-11ed-a18f-5b56885ea667 -accessToken AQ6zJQYj8weQR4Ep0wbGe03j-Sa-RzYWxd48ZhiK5ok011f","communication_protocol_version":"1.5.0","com.unity.ml-agents_version":"2.0.1","scene_name":"Game","end_time_seconds":"1663945352"}}