{"count":1,"self":113.89834239999999,"total":118.7159523,"children":{"InitializeActuators":{"count":2,"self":0.014636399999999999,"total":0.014636399999999999,"children":null},"InitializeSensors":{"count":2,"self":0.0050618999999999994,"total":0.0050618999999999994,"children":null},"AgentSendState":{"count":5273,"self":0.033433899999999996,"total":0.61183979999999993,"children":{"CollectObservations":{"count":10,"self":0.0107989,"total":0.0107989,"children":null},"WriteActionMask":{"count":10,"self":0.0050089999999999996,"total":0.0050089999999999996,"children":null},"RequestDecision":{"count":10,"self":0.56259799999999993,"total":0.56259799999999993,"children":null}}},"DecideAction":{"count":5273,"self":4.1401724,"total":4.1401725,"children":null},"AgentAct":{"count":5273,"self":0.0438575,"total":0.0438575,"children":null}},"gauges":{},"metadata":{"timer_format_version":"0.1.0","start_time_seconds":"1665146092","unity_version":"2021.3.10f1","command_line_arguments":"C:\\Program Files\\Unity\\Hub\\Editor\\2021.3.10f1\\Editor\\Unity.exe -projectpath D:\\LogicChase\\Logic_Chase -useHub -hubIPC -cloudEnvironment production -licensingIpc LicenseClient-hp -hubSessionId b2621a40-4638-11ed-b4c1-afc43b8ea618","communication_protocol_version":"1.5.0","com.unity.ml-agents_version":"2.0.1","scene_name":"Start","end_time_seconds":"1665146211"}}